"review_order","source_row","decision_approve_edit_move_reject","native_russian_correction","english_correction","level","register_note","sensitive_content_note","reviewer_comment","russian","transliteration","english","category"
"1","543","","","","","","","","Скажи, пожалуйста, что мы здесь делаем?","Skazhi, pozhaluysta, chto my zdes delaem?","Please, what are we doing here?","Core Social Language"
"2","2911","","","","","","","","Простите, что вы имеете в виду?","Prostite, chto vy imeete v vidu?","Excuse me, what do you mean?","Fluency Builder 6"
"3","148","","","","","","","","Простите, что Вы только что сказали?","Prostite, chto Vy tolko chto skazali?","Excuse me, what have you just said?","Fluency Builder 1"
"4","416","","","","","","","","Вы мне не поможете перевести это?","Vy mne ne pomozhete perevesti eto?","Would you please help me translate this?","Core Social Language"
"5","472","","","","","","","","Можно мне это на вынос, пожалуйста?","Mozhno mne eto na vynos, pozhaluysta?","Can I please have this to go?","Core Social Language"
"6","1264","","","","","","","","Простите, вы мне дорогу не покажете?","Prostite, vy mne dorogu ne pokazhete?","Will you please show me the way?","Core Social Language"
"7","1293","","","","","","","","Будьте добры, сколько стоит эта вещь?","Budte dobry, skolko stoit eta veshch?","How much does this thing cost, please?","Core Social Language"
"8","236","","","","","","","","Я только хочу сказать вам спасибо.","Ya tolko khochu skazat vam spasibo.","I just want to say thank you.","Core Social Language"
"9","1009","","","","","","","","Спасибо, что помогли мне это сделать.","Spasibo, chto pomogli mne eto sdelat.","Thank you for helping me do this.","Core Social Language"
"10","1019","","","","","","","","Пожалуйста, скажи мне, куда потом идти.","Pozhaluysta, skazhi mne, kuda potom idti.","Please tell me where to go next.","Core Social Language"
"11","1037","","","","","","","","Что ещё нам нужно купить?","Chto eshchyo nam nuzhno kupit?","What else do we need to buy?","Shopping & Money"
"12","1970","","","","","","","","Простите, что не могу вам помочь.","Prostite, chto ne mogu vam pomoch.","I am sorry I cannot help you.","Core Social Language"
"13","2035","","","","","","","","Я хотел поблагодарить тебя за это.","Ya khotel poblagodarit tebya za eto.","I wanted to thank you for that.","Core Social Language"
"14","2133","","","","","","","","Простите, я думал, что уже ответил.","Prostite, ya dumal, chto uzhe otvetil.","Sorry, I thought I had already answered.","Core Social Language"
"15","2256","","","","","","","","Скажи мне, пожалуйста, чего ты хочешь.","Skazhi mne, pozhaluysta, chego ty khochesh.","Please let me know what you want.","Core Social Language"
"16","2314","","","","","","","","Пожалуйста, скажите мне, что это шутка.","Pozhaluysta, skazhite mne, chto eto shutka.","Please tell me this is a joke.","Core Social Language"
"17","2410","","","","","","","","Что это вы там делали?","Chto eto vy tam delali?","What was it that you did there?","Fluency Builder 5"
"18","2417","","","","","","","","Что ещё он тебе сказал?","Chto eshchyo on tebe skazal?","What else has he said to you?","Fluency Builder 5"
"19","2418","","","","","","","","Вы хоть знаете, кто он?","Vy khot znaete, kto on?","Do you even know who he is?","Fluency Builder 5"
"20","2442","","","","","","","","Что ты ожидаешь здесь найти?","Chto ty ozhidaesh zdes nayti?","What do you expect to find here?","Fluency Builder 5"
"21","2449","","","","","","","","Сейчас уже можно идти домой?","Seychas uzhe mozhno idti domoy?","Is it OK to go home now?","Home & Family Life"
"22","2491","","","","","","","","Ты можешь купить мне мороженое?","Ty mozhesh kupit mne morozhenoe?","Can you buy me an ice cream?","Shopping & Money"
"23","2495","","","","","","","","Можно мне тебя завтра навестить?","Mozhno mne tebya zavtra navestit?","May I come and see you tomorrow?","Time & Plans"
"24","2608","","","","","","","","Вы знаете, что будет потом?","Vy znaete, chto budet potom?","Do you know what'll happen next?","Fluency Builder 6"
"25","3801","","","","","","","","Спасибо, что ты на моей стороне.","Spasibo, chto ty na moey storone.","Thank you for being by my side.","Core Social Language"
"26","4025","","","","","","","","Спасибо, что пришёл мне на помощь.","Spasibo, chto prishyol mne na pomoshch.","Thank you for coming to my rescue.","Core Social Language"
"27","4113","","","","","","","","Спасибо, что одолжил нам эту книгу.","Spasibo, chto odolzhil nam etu knigu.","Thank you for lending us the book.","Core Social Language"
"28","4226","","","","","","","","Извини, что раньше тебе не ответил.","Izvini, chto ranshe tebe ne otvetil.","Sorry for not responding to you sooner.","Core Social Language"
"29","4322","","","","","","","","Пожалуйста, скажи им, как я сожалею.","Pozhaluysta, skazhi im, kak ya sozhaleyu.","Please tell them how sorry I am.","Core Social Language"
"30","4371","","","","","","","","Спасибо вам за очень полезный совет.","Spasibo vam za ochen poleznyy sovet.","Thank you for the very helpful advice.","Core Social Language"
"31","1374","","","","","","","","А можно ещё раз так сделать?","A mozhno eshchyo raz tak sdelat?","Can you do that again, please?","Core Social Language"
"32","4392","","","","","","","","Спасибо, что пригласили меня на ужин.","Spasibo, chto priglasili menya na uzhin.","Thank you for inviting me to dinner.","Core Social Language"
"33","4802","","","","","","","","Пожалуйста, приходи домой как можно скорее!","Pozhaluysta, prikhodi domoy kak mozhno skoree!","Please come home as quickly as possible.","Core Social Language"
"34","809","","","","","","","","Мне очень жаль, что я опоздал.","Mne ochen zhal, chto ya opozdal.","I'm awfully sorry that I was late.","Core Social Language"
"35","811","","","","","","","","Мне жаль, что здесь ты уйдёшь.","Mne zhal, chto zdes ty uydyosh.","I'm sorry that you are leaving here.","Core Social Language"
"36","881","","","","","","","","Я хотела сказать, что я сожалею.","Ya khotela skazat, chto ya sozhaleyu.","I wanted to say that I'm sorry.","Core Social Language"
"37","4938","","","","","","","","А что, если я индеец?","A chto, esli ya indeets?","What if I am a Native American?","Fluency Builder 10"
"38","4940","","","","","","","","Кто тебе всё это дал?","Kto tebe vsyo eto dal?","Who gave all this stuff to you?","Fluency Builder 10"
"39","4961","","","","","","","","Кто вам говорил обо мне?","Kto vam govoril obo mne?","Who has spoken to you about me?","Fluency Builder 10"
"40","4974","","","","","","","","Что вы оба делаете здесь?","Chto vy oba delaete zdes?","What are you both doing in here?","Fluency Builder 10"
"41","4990","","","","","","","","Что плохого я тебе сделал?","Chto plokhogo ya tebe sdelal?","What did I ever do to you?","Fluency Builder 10"
"42","998","","","","","","","","Извините. Я ещё только учусь читать.","Izvinite. Ya eshchyo tolko uchus chitat.","Sorry. I'm still learning how to read.","Core Social Language"
"43","2868","","","","","","","","Не могла бы ты это записать?","Ne mogla by ty eto zapisat?","Could you please write it down?","Core Social Language"
"44","3036","","","","","","","","Могу ли я посмотреть номер, пожалуйста?","Mogu li ya posmotret nomer, pozhaluysta?","Could I see the room please?","Core Social Language"
"45","38","","","","","","","","Что ещё я могу тебе сказать?","Chto eshchyo ya mogu tebe skazat?","What else can I tell you?","Fluency Builder 1"
"46","39","","","","","","","","Что ещё мы можем сейчас сделать?","Chto eshchyo my mozhem seychas sdelat?","What else can we do now?","Fluency Builder 1"
"47","3061","","","","","","","","Могу я увидеть вашу лицензию, пожалуйста?","Mogu ya uvidet vashu litsenziyu, pozhaluysta?","Can I see your license, please?","Core Social Language"
"48","3076","","","","","","","","Будьте добры, Вы можете говорить помедленнее?","Budte dobry, Vy mozhete govorit pomedlennee?","Can you speak more slowly, please?","Core Social Language"
"49","165","","","","","","","","Я могу это у тебя купить?","Ya mogu eto u tebya kupit?","Can I buy that from you?","Shopping & Money"
"50","166","","","","","","","","И как он может делать это?","I kak on mozhet delat eto?","And how can he do that?","Questions & Answers"
"51","168","","","","","","","","Кто ещё знал, что ты здесь?","Kto eshchyo znal, chto ty zdes?","Who else knew you were here?","Fluency Builder 1"
"52","170","","","","","","","","Как ты можешь её не любить?","Kak ty mozhesh eyo ne lyubit?","How can you not like her?","Questions & Answers"
"53","172","","","","","","","","Вы можете помочь нам их найти?","Vy mozhete pomoch nam ikh nayti?","Can you help us find them?","Fluency Builder 1"
"54","176","","","","","","","","Могу я спросить, что это значит?","Mogu ya sprosit, chto eto znachit?","May I ask what that means?","Fluency Builder 1"
"55","1942","","","","","","","","Мне жаль, что заставил вас ждать.","Mne zhal, chto zastavil vas zhdat.","I'm sorry to have kept you waiting.","Core Social Language"
"56","1999","","","","","","","","Прости, что наорал на тебя вчера.","Prosti, chto naoral na tebya vchera.","I'm sorry for yelling at you yesterday.","Core Social Language"
"57","573","","","","","","","","Где, по её мнению, я был?","Gde, po eyo mneniyu, ya byl?","Where did she think I was?","Questions & Answers"
"58","574","","","","","","","","Ну и что это сейчас было?","Nu i chto eto seychas bylo?","Well what was that right now?","Fluency Builder 2"
"59","585","","","","","","","","Ты рад, что мы это сделали?","Ty rad, chto my eto sdelali?","Are you glad we did this?","Fluency Builder 2"
"60","586","","","","","","","","Как вы могли меня не видеть?","Kak vy mogli menya ne videt?","How could you not see me?","Questions & Answers"
"61","591","","","","","","","","Но как они могут это сделать?","No kak oni mogut eto sdelat?","But how can they do this?","Questions & Answers"
"62","592","","","","","","","","В какое время он будет здесь?","V kakoe vremya on budet zdes?","What time will he be here?","Questions & Answers"
"63","593","","","","","","","","А потом, что ты сделал потом?","A potom, chto ty sdelal potom?","And then, what did you do?","Fluency Builder 2"
"64","594","","","","","","","","Во сколько мне надо там быть?","Vo skolko mne nado tam byt?","What time shall I be there?","Questions & Answers"
"65","597","","","","","","","","Как ты можешь так много есть?","Kak ty mozhesh tak mnogo est?","How can you eat so much?","Questions & Answers"
"66","599","","","","","","","","Что мы можем от тебя ожидать?","Chto my mozhem ot tebya ozhidat?","What can we expect from you?","Fluency Builder 2"
"67","602","","","","","","","","Ты нашёл всё, что тебе нужно?","Ty nashyol vsyo, chto tebe nuzhno?","Did you find everything you need?","Thoughts, Needs & Feelings"
"68","606","","","","","","","","Как скоро я могу их встретить?","Kak skoro ya mogu ikh vstretit?","How soon can I meet them?","Questions & Answers"
"69","607","","","","","","","","Что ты можешь для нас сделать?","Chto ty mozhesh dlya nas sdelat?","What can you do for us?","Fluency Builder 2"
"70","609","","","","","","","","Как ты можешь жить без музыки?","Kak ty mozhesh zhit bez muzyki?","How can you live without music?","Questions & Answers"
"71","613","","","","","","","","Где я могу проявить эти снимки?","Gde ya mogu proyavit eti snimki?","Where can I develop these photos?","Questions & Answers"
"72","614","","","","","","","","Ты понял, что он хочет сказать?","Ty ponyal, chto on khochet skazat?","Did you understand what he meant?","Fluency Builder 2"
"73","615","","","","","","","","Знаешь, что я только что понял?","Znaesh, chto ya tolko chto ponyal?","You know what I just realized?","Fluency Builder 2"
"74","616","","","","","","","","Хорошо, чем я могу тебе помочь?","Khorosho, chem ya mogu tebe pomoch?","OK, how can I help you?","Questions & Answers"
"75","619","","","","","","","","Что же ты только сейчас пришёл?","Chto zhe ty tolko seychas prishyol?","Why have you come only now?","Questions & Answers"
"76","623","","","","","","","","Я могу узнать, где вы работаете?","Ya mogu uznat, gde vy rabotaete?","Can I know where you work?","Questions & Answers"
"77","625","","","","","","","","Ты можешь на завтра отгул взять?","Ty mozhesh na zavtra otgul vzyat?","Can you get off work tomorrow?","Work & Daily Tasks"
"78","643","","","","","","","","Что, если я потеряю его навсегда?","Chto, esli ya poteryayu ego navsegda?","What if I lose him forever?","Fluency Builder 2"
"79","645","","","","","","","","Где я могу оставить мой велосипед?","Gde ya mogu ostavit moy velosiped?","Where can I leave my bicycle?","Questions & Answers"
"80","646","","","","","","","","Ты только что назвал меня толстой?","Ty tolko chto nazval menya tolstoy?","Did you just call me fat?","Fluency Builder 2"
"81","653","","","","","","","","Где мы можем взять напрокат лодку?","Gde my mozhem vzyat naprokat lodku?","Where can we rent a boat?","Questions & Answers"
"82","655","","","","","","","","Мы можем себе позволить это купить?","My mozhem sebe pozvolit eto kupit?","Can we afford to buy that?","Shopping & Money"
"83","656","","","","","","","","Ты видел, что только что случилось?","Ty videl, chto tolko chto sluchilos?","Did you see what just happened?","Fluency Builder 2"
"84","657","","","","","","","","Где вы сегодня вечером будете есть?","Gde vy segodnya vecherom budete est?","Where will you eat this evening?","Questions & Answers"
"85","659","","","","","","","","Господи, что я только что прочитал?","Gospodi, chto ya tolko chto prochital?","God, what did I just read?","Fluency Builder 2"
"86","662","","","","","","","","Как я могу изменить это предложение?","Kak ya mogu izmenit eto predlozhenie?","How can I change this sentence?","Questions & Answers"
"87","667","","","","","","","","Ты можешь прочесть, что там написано?","Ty mozhesh prochest, chto tam napisano?","Can you read what that says?","Fluency Builder 2"
"88","673","","","","","","","","Как мы можем купить британские товары?","Kak my mozhem kupit britanskie tovary?","How can we buy British goods?","Questions & Answers"
"89","676","","","","","","","","Можно мне сегодня домой пораньше уйти?","Mozhno mne segodnya domoy poranshe uyti?","Can I go home early today?","Home & Family Life"
"90","678","","","","","","","","Кто знает, что может случиться завтра?","Kto znaet, chto mozhet sluchitsya zavtra?","Who knows what might happen tomorrow?","Time & Plans"
"91","681","","","","","","","","Вы можете объяснить, как это произошло?","Vy mozhete obyasnit, kak eto proizoshlo?","Can you explain how this happened?","Questions & Answers"
"92","682","","","","","","","","На сколько вопросов вы можете ответить?","Na skolko voprosov vy mozhete otvetit?","How many questions can you answer?","Questions & Answers"
"93","1336","","","","","","","","Кто был у тебя на уме?","Kto byl u tebya na ume?","Who did you have in mind?","Fluency Builder 3"
"94","1338","","","","","","","","Что бы я без тебя делал?","Chto by ya bez tebya delal?","What would I do without you?","Fluency Builder 3"
"95","1343","","","","","","","","Что бы ты на это сказала?","Chto by ty na eto skazala?","What would you say to that?","Fluency Builder 3"
"96","1344","","","","","","","","Получу ли я то, что хочу?","Poluchu li ya to, chto khochu?","Will I get what I want?","Thoughts, Needs & Feelings"
"97","1350","","","","","","","","Ну что, ты ему уже сказал?","Nu chto, ty emu uzhe skazal?","So, have you told him yet?","Fluency Builder 3"
"98","1354","","","","","","","","У нас есть всё, что нужно?","U nas est vsyo, chto nuzhno?","Do we have everything we need?","Thoughts, Needs & Feelings"
"99","1360","","","","","","","","Кто дал вам все эти деньги?","Kto dal vam vse eti dengi?","Who gave you all that money?","Shopping & Money"
"100","1361","","","","","","","","Что ты хочешь, кофе или чай?","Chto ty khochesh, kofe ili chay?","Would you like coffee or tea?","Food & Restaurants"
"101","1363","","","","","","","","Да, я его поцеловала. И что?","Da, ya ego potselovala. I chto?","Yes, I kissed him. So what?","Fluency Builder 3"
"102","1367","","","","","","","","А что, если проблема в тебе?","A chto, esli problema v tebe?","What if the problem is you?","Fluency Builder 3"
"103","1369","","","","","","","","Что за книгу ты вчера читал?","Chto za knigu ty vchera chital?","What book were you reading yesterday?","Time & Plans"
"104","1370","","","","","","","","В чём Вы были вчера вечером?","V chyom Vy byli vchera vecherom?","What did you wear last night?","Time & Plans"
"105","1375","","","","","","","","Вы скажете ей, что я звонил?","Vy skazhete ey, chto ya zvonil?","Will you tell her I called?","Fluency Builder 3"
"106","1385","","","","","","","","Ты видел, кто в тебя стрелял?","Ty videl, kto v tebya strelyal?","Did you see who shot you?","Fluency Builder 3"
"107","1390","","","","","","","","Доброе утро, я вам не помешал?","Dobroe utro, ya vam ne pomeshal?","Good morning, am I disturbing you?","Fluency Builder 3"
"108","1391","","","","","","","","Что это они тут делают вместе?","Chto eto oni tut delayut vmeste?","What are they doing here together?","Fluency Builder 3"
"109","1393","","","","","","","","Знаете, что сводит меня с ума?","Znaete, chto svodit menya s uma?","You know what drives me crazy?","Fluency Builder 3"
"110","1397","","","","","","","","Кто может такое о себе сказать?","Kto mozhet takoe o sebe skazat?","Who can say that about themselves?","Fluency Builder 3"
"111","1402","","","","","","","","Что за фильм вы вчера смотрели?","Chto za film vy vchera smotreli?","Which movie did you watch yesterday?","Time & Plans"
"112","1406","","","","","","","","Кто здесь был в моё отсутствие?","Kto zdes byl v moyo otsutstvie?","Who was here in my absence?","Fluency Builder 3"
"113","1413","","","","","","","","Кто сказал, что у меня свидание?","Kto skazal, chto u menya svidanie?","Who said I had a date?","Fluency Builder 3"
"114","1425","","","","","","","","С кем ты только что разговаривал?","S kem ty tolko chto razgovarival?","Who were you just speaking to?","Fluency Builder 3"
"115","2439","","","","","","","","Кто мне может это объяснить?","Kto mne mozhet eto obyasnit?","Who's able to explain this to me?","Fluency Builder 5"
"116","1447","","","","","","","","Так что вы делаете сегодня вечером?","Tak chto vy delaete segodnya vecherom?","So, what are you doing tonight?","Time & Plans"
"117","1453","","","","","","","","Вы можете повторить то, что сказали?","Vy mozhete povtorit to, chto skazali?","Can you repeat what you said?","Fluency Builder 3"
"118","1456","","","","","","","","Мы можем поработать над этим сейчас?","My mozhem porabotat nad etim seychas?","Can we work on that now?","Work & Daily Tasks"
"119","1459","","","","","","","","Что бы вы посоветовали нам заказать?","Chto by vy posovetovali nam zakazat?","What do you recommend we order?","Fluency Builder 3"
"120","1462","","","","","","","","Что это будет означать для Эдинбурга?","Chto eto budet oznachat dlya Edinburga?","What will this mean for Edinburgh?","Fluency Builder 3"
"121","1463","","","","","","","","Это то, чего ты действительно хочешь?","Eto to, chego ty deystvitelno khochesh?","Is that what you really want?","Thoughts, Needs & Feelings"
"122","1502","","","","","","","","Что вы будете делать завтра вечером?","Chto vy budete delat zavtra vecherom?","What'll you do tomorrow night?","Time & Plans"
"123","163","","","","","","","","Ты можешь дать мне договорить, пожалуйста?","Ty mozhesh dat mne dogovorit, pozhaluysta?","Can you please let me finish speaking?","Core Social Language"
"124","3467","","","","","","","","Прости, что был с тобой груб.","Prosti, chto byl s toboy grub.","I'm sorry I was rude to you.","Core Social Language"
"125","494","","","","","","","","Вы не позвоните мне сегодня вечером?","Vy ne pozvonite mne segodnya vecherom?","Will you please call me this evening?","Core Social Language"
"126","566","","","","","","","","Могу я сделать телефонный звонок, пожалуйста?","Mogu ya sdelat telefonnyy zvonok, pozhaluysta?","Can I make a telephone call, please?","Core Social Language"
"127","3976","","","","","","","","Прости, у меня сейчас руки заняты.","Prosti, u menya seychas ruki zanyaty.","Sorry, I've got my hands full now.","Core Social Language"
"128","4292","","","","","","","","Прости, что так часто тебя беспокою.","Prosti, chto tak chasto tebya bespokoyu.","I'm sorry to bother you so often.","Core Social Language"
"129","1292","","","","","","","","Вы назовете мне свое имя, пожалуйста?","Vy nazovete mne svoe imya, pozhaluysta?","Will you give me your name, please?","Core Social Language"
"130","4298","","","","","","","","Пожалуйста, не говори никому, где я.","Pozhaluysta, ne govori nikomu, gde ya.","Please don't tell anyone where I am.","Core Social Language"
"131","1307","","","","","","","","Ты не передашь мне чемодан, пожалуйста?","Ty ne peredash mne chemodan, pozhaluysta?","Would you hand me the suitcase, please?","Core Social Language"
"132","1312","","","","","","","","Можно взглянуть на ваш посадочный талон?","Mozhno vzglyanut na vash posadochnyy talon?","May I see your boarding pass, please?","Core Social Language"
"133","1320","","","","","","","","Извините, есть ли здесь поблизости туалет?","Izvinite, est li zdes poblizosti tualet?","Excuse me, is there a toilet nearby?","Core Social Language"
"134","2825","","","","","","","","Вы что, оба не в себе?","Vy chto, oba ne v sebe?","Have you both lost your minds?","Fluency Builder 6"
"135","2830","","","","","","","","Что в этом для вас было?","Chto v etom dlya vas bylo?","What was in it for you?","Fluency Builder 6"
"136","2832","","","","","","","","Что у нас будет на ужин?","Chto u nas budet na uzhin?","What are we eating for dinner?","Food & Restaurants"
"137","2836","","","","","","","","Могу я сесть рядом с ним?","Mogu ya sest ryadom s nim?","Can I sit next to him?","Home & Family Life"
"138","2837","","","","","","","","Что бы ты в себе изменил?","Chto by ty v sebe izmenil?","What would you change about yourself?","Fluency Builder 6"
"139","2841","","","","","","","","А у меня был другой выбор?","A u menya byl drugoy vybor?","What other choice did I have?","Fluency Builder 6"
"140","2842","","","","","","","","Что он сказал на этот раз?","Chto on skazal na etot raz?","What did he say this time?","Fluency Builder 6"
"141","2846","","","","","","","","За что ты судишься с Дэном?","Za chto ty sudishsya s Denom?","What are you suing Dan for?","Fluency Builder 6"
"142","2851","","","","","","","","А потом во что будем играть?","A potom vo chto budem igrat?","Which game shall we play next?","Fluency Builder 6"
"143","2852","","","","","","","","Моя дочь может идти в школу?","Moya doch mozhet idti v shkolu?","Can my daughter go to school?","Fluency Builder 6"
"144","2856","","","","","","","","Эй, над чем это вы смеётесь?","Ey, nad chem eto vy smeyotes?","Hey, what are you laughing at?","Fluency Builder 6"
"145","2867","","","","","","","","Пап, а что это слово значит?","Pap, a chto eto slovo znachit?","Dad, what does this word mean?","Fluency Builder 6"
"146","2875","","","","","","","","Он пришёл к тебе с гарантией?","On prishyol k tebe s garantiey?","Did this come with a guarantee?","Fluency Builder 6"
"147","2881","","","","","","","","Ты ходил в дом с привидениями?","Ty khodil v dom s privideniyami?","Did you visit the haunted house?","Home & Family Life"
"148","2887","","","","","","","","Мы можем пойти в вашу комнату?","My mozhem poyti v vashu komnatu?","Can we go to your room?","Home & Family Life"
"149","2890","","","","","","","","Ты уверена, что всё в порядке?","Ty uverena, chto vsyo v poryadke?","Are you sure everything is okay?","Fluency Builder 6"
"150","2891","","","","","","","","Кто из вас съел мой бутерброд?","Kto iz vas sel moy buterbrod?","Which of you ate my sandwich?","Fluency Builder 6"
"151","2894","","","","","","","","Кто написал для тебя эту речь?","Kto napisal dlya tebya etu rech?","Who wrote that speech for you?","Fluency Builder 6"
"152","2901","","","","","","","","Я могу пойти поиграть на улице?","Ya mogu poyti poigrat na ulitse?","Can I go out to play?","Fluency Builder 6"
"153","2919","","","","","","","","Что привело тебя к этому выводу?","Chto privelo tebya k etomu vyvodu?","What led you to this conclusion?","Fluency Builder 6"
"154","2924","","","","","","","","Я что, сам с собой разговариваю?","Ya chto, sam s soboy razgovarivayu?","Am I just talking to myself?","Fluency Builder 6"
"155","2926","","","","","","","","Кто выбрал тебя для этой миссии?","Kto vybral tebya dlya etoy missii?","Who picked you for this mission?","Fluency Builder 6"
"156","2948","","","","","","","","Так что, хватит ли тебе смелости?","Tak chto, khvatit li tebe smelosti?","So have you got the guts?","Fluency Builder 6"
"157","2954","","","","","","","","Тебе сказали, чтобы ты так сделал?","Tebe skazali, chtoby ty tak sdelal?","Were you told to do so?","Fluency Builder 6"
"158","2961","","","","","","","","Кто рассказал тебе об этой пещере?","Kto rasskazal tebe ob etoy peshchere?","Who told you about this cave?","Fluency Builder 6"
"159","2965","","","","","","","","Давай я отвезу тебя обратно домой?","Davay ya otvezu tebya obratno domoy?","Shall I take you back home?","Home & Family Life"
"160","2971","","","","","","","","Кого ты можешь попросить о помощи?","Kogo ty mozhesh poprosit o pomoshchi?","Who can you ask for help?","Fluency Builder 6"
"161","2992","","","","","","","","Кто были первые обитатели этих мест?","Kto byli pervye obitateli etikh mest?","Who were the original people here?","Fluency Builder 6"
"162","3001","","","","","","","","Что это за вещь, называемая любовью?","Chto eto za veshch, nazyvaemaya lyubovyu?","What is this thing called love?","Fluency Builder 7"
"163","3018","","","","","","","","У тебя есть родственники за границей?","U tebya est rodstvenniki za granitsey?","Have you got any relatives abroad?","Fluency Builder 7"
"164","3030","","","","","","","","Что заставило тебя задать этот вопрос?","Chto zastavilo tebya zadat etot vopros?","What made you ask that question?","Fluency Builder 7"
"165","3034","","","","","","","","Кто оказал на тебя наибольшее влияние?","Kto okazal na tebya naibolshee vliyanie?","Who has influenced you the most?","Health & Body"
"166","3040","","","","","","","","Ты всё ещё покупаешь лотерейные билеты?","Ty vsyo eshchyo pokupaesh lotereynye bilety?","Are you still buying lottery tickets?","Shopping & Money"
"167","3055","","","","","","","","Ты можешь вернуться на следующей неделе?","Ty mozhesh vernutsya na sleduyushchey nedele?","Can you come back next week?","Time & Plans"
"168","3065","","","","","","","","Ты принял его с распростёртыми объятиями?","Ty prinyal ego s rasprostyortymi obyatiyami?","You welcomed him with open arms?","Fluency Builder 7"
"169","3091","","","","","","","","Кто бы не был здесь счастлив?","Kto by ne byl zdes schastliv?","Who wouldn't be happy here?","Fluency Builder 7"
"170","3094","","","","","","","","Означает ли это, что я умираю?","Oznachaet li eto, chto ya umirayu?","Does that mean I'm dying?","Fluency Builder 7"
"171","3109","","","","","","","","Больше никто не может это сделать?","Bolshe nikto ne mozhet eto sdelat?","Can't someone else do this?","Health & Body"
"172","4621","","","","","","","","Прости, что это заняло столько времени.","Prosti, chto eto zanyalo stolko vremeni.","I'm sorry that this took so long.","Core Social Language"
"173","3124","","","","","","","","Что вы планируете делать после выпуска?","Chto vy planiruete delat posle vypuska?","What'll you do after graduation?","Fluency Builder 7"
"174","2807","","","","","","","","Будьте добры, кто-нибудь может открыть окно?","Budte dobry, kto-nibud mozhet otkryt okno?","Can somebody open up a window, please?","Core Social Language"
"175","2823","","","","","","","","Мог бы кто-нибудь прокомментировать это предложение?","Mog by kto-nibud prokommentirovat eto predlozhenie?","Could someone please comment on this sentence?","Core Social Language"
"176","4943","","","","","","","","Ты вчера был дома, да?","Ty vchera byl doma, da?","You were at home yesterday, weren't you?","Home & Family Life"
"177","4978","","","","","","","","Вам уроки не надо делать?","Vam uroki ne nado delat?","Don't you have some homework to do?","Work & Daily Tasks"
"178","2797","","","","","","","","А теперь можно, пожалуйста, сменить тему?","A teper mozhno, pozhaluysta, smenit temu?","Now, can we please change the subject?","Core Social Language"
"179","1","","","","","","","","Ты можешь сказать мне, где я?","Ty mozhesh skazat mne, gde ya?","Can you tell me where I am?","Questions & Answers"
"180","3","","","","","","","","Что ещё вы обо мне знаете?","Chto eshchyo vy obo mne znaete?","What else do you know about me?","Fluency Builder 1"
"181","6","","","","","","","","Как ты узнала, что я здесь?","Kak ty uznala, chto ya zdes?","How did you know I was here?","Questions & Answers"
"182","7","","","","","","","","То есть мне можно уже идти?","To est mne mozhno uzhe idti?","Does this mean I can go now?","Fluency Builder 1"
"183","10","","","","","","","","Вы знаете, что он нам купил?","Vy znaete, chto on nam kupil?","Do you know what he bought us?","Shopping & Money"
"184","12","","","","","","","","Кто сказал тебе, где мой дом?","Kto skazal tebe, gde moy dom?","Who told you where my house is?","Questions & Answers"
"185","14","","","","","","","","Что будет, если я это сделаю?","Chto budet, esli ya eto sdelayu?","What will happen if I do this?","Fluency Builder 1"
"186","16","","","","","","","","Почему ты думаешь, что это он?","Pochemu ty dumaesh, chto eto on?","Why do you think this is him?","Questions & Answers"
"187","17","","","","","","","","Нам нужно ещё раз это сделать?","Nam nuzhno eshchyo raz eto sdelat?","Do we need to do that again?","Thoughts, Needs & Feelings"
"188","19","","","","","","","","Как вы думаете, мне нужно идти?","Kak vy dumaete, mne nuzhno idti?","Do you think I need to go?","Questions & Answers"
"189","20","","","","","","","","Могу я спросить, куда ты идёшь?","Mogu ya sprosit, kuda ty idyosh?","May I ask where you are going?","Questions & Answers"
"190","21","","","","","","","","Как ты думаешь, что мне купить?","Kak ty dumaesh, chto mne kupit?","What do you think I should buy?","Questions & Answers"
"191","22","","","","","","","","Это всё, что ты можешь сказать?","Eto vsyo, chto ty mozhesh skazat?","Is that all that you can say?","Fluency Builder 1"
"192","26","","","","","","","","Я слышал, ты хочешь меня видеть?","Ya slyshal, ty khochesh menya videt?","I hear you wanted to see me?","Thoughts, Needs & Feelings"
"193","27","","","","","","","","Ты думаешь, мы можем это сделать?","Ty dumaesh, my mozhem eto sdelat?","Do you think we can do it?","Thoughts, Needs & Feelings"
"194","28","","","","","","","","Вы знали, что можете это сделать?","Vy znali, chto mozhete eto sdelat?","Did you know you could do that?","Fluency Builder 1"
"195","29","","","","","","","","Что вам мешало вчера это сделать?","Chto vam meshalo vchera eto sdelat?","What kept you from doing it yesterday?","Time & Plans"
"196","33","","","","","","","","Сколько ещё я могу здесь оставаться?","Skolko eshchyo ya mogu zdes ostavatsya?","How much longer can I stay here?","Questions & Answers"
"197","1036","","","","","","","","Я был рад, что я там.","Ya byl rad, chto ya tam.","I was glad I was there.","Fluency Builder 3"
"198","1040","","","","","","","","Я думаю, вы оба их знаете.","Ya dumayu, vy oba ikh znaete.","I think you both know them.","Thoughts, Needs & Feelings"
"199","1043","","","","","","","","Он заметил, что я была там.","On zametil, chto ya byla tam.","He noticed that I was there.","Fluency Builder 3"
"200","1046","","","","","","","","Ты знаешь, что мне надо идти.","Ty znaesh, chto mne nado idti.","You know I have to go.","Thoughts, Needs & Feelings"
"201","1048","","","","","","","","Я думаю, мы можем её поймать.","Ya dumayu, my mozhem eyo poymat.","I think we can catch her.","Thoughts, Needs & Feelings"
"202","50","","","","","","","","Как вы попали в мой дом?","Kak vy popali v moy dom?","How did you get into my house?","Questions & Answers"
"203","1050","","","","","","","","Думаю, я могу на это ответить.","Dumayu, ya mogu na eto otvetit.","I think I can answer that.","Thoughts, Needs & Feelings"
"204","51","","","","","","","","Ну и как вам эта работа?","Nu i kak vam eta rabota?","And how do you like this work?","Questions & Answers"
"205","54","","","","","","","","Ну, что же я буду делать?","Nu, chto zhe ya budu delat?","Well, what am I going to do?","Fluency Builder 1"
"206","56","","","","","","","","Где и когда ты это купил?","Gde i kogda ty eto kupil?","When and where did you buy that?","Questions & Answers"
"207","58","","","","","","","","Вы разве не знаете, кто я?","Vy razve ne znaete, kto ya?","Do you not know who I am?","Fluency Builder 1"
"208","60","","","","","","","","Что у тебя была за работа?","Chto u tebya byla za rabota?","What did you do for a living?","Work & Daily Tasks"
"209","63","","","","","","","","Что я тебе про это говорил?","Chto ya tebe pro eto govoril?","What did I tell you about that?","Fluency Builder 1"
"210","64","","","","","","","","Вы не знаете, где мой ключ?","Vy ne znaete, gde moy klyuch?","Do you know where my key is?","Questions & Answers"
"211","1064","","","","","","","","Хорошо, что я встретил тебя здесь.","Khorosho, chto ya vstretil tebya zdes.","It was nice meeting you here.","Work & Daily Tasks"
"212","65","","","","","","","","Если да, то что нам делать?","Esli da, to chto nam delat?","If so, then what do we do?","Fluency Builder 1"
"213","66","","","","","","","","Во сколько и куда мне идти?","Vo skolko i kuda mne idti?","What time and where should I go?","Questions & Answers"
"214","1066","","","","","","","","Я знаю, что здесь может случиться.","Ya znayu, chto zdes mozhet sluchitsya.","I know what can happen here.","Fluency Builder 3"
"215","68","","","","","","","","Он знает, что ты его любишь?","On znaet, chto ty ego lyubish?","Does he know that you love him?","Fluency Builder 1"
"216","69","","","","","","","","Что мне делать с её письмом?","Chto mne delat s eyo pismom?","What shall I do with her letter?","Fluency Builder 1"
"217","1069","","","","","","","","Ты заставила меня купить тебе это.","Ty zastavila menya kupit tebe eto.","You made me buy you that.","Shopping & Money"
"218","70","","","","","","","","Кто вам сказал, что я болен?","Kto vam skazal, chto ya bolen?","Who told you that I was sick?","Health & Body"
"219","71","","","","","","","","Как я буду писать без ручки?","Kak ya budu pisat bez ruchki?","How am I writing without a pen?","Questions & Answers"
"220","72","","","","","","","","Где я могу найти одно такое?","Gde ya mogu nayti odno takoe?","Where can I find one of those?","Questions & Answers"
"221","73","","","","","","","","Что ты им только что сказал?","Chto ty im tolko chto skazal?","What did you just say to them?","Fluency Builder 1"
"222","1075","","","","","","","","Я только вчера начал здесь работать.","Ya tolko vchera nachal zdes rabotat.","I just started working here yesterday.","Work & Daily Tasks"
"223","77","","","","","","","","Как вышло, что ты полюбил её?","Kak vyshlo, chto ty polyubil eyo?","How did you come to love her?","Questions & Answers"
"224","1077","","","","","","","","Я думаю, что она очень привлекательна.","Ya dumayu, chto ona ochen privlekatelna.","I think she is very attractive.","Thoughts, Needs & Feelings"
"225","78","","","","","","","","Как ты прибудешь в это время?","Kak ty pribudesh v eto vremya?","How can you arrive at this time?","Questions & Answers"
"226","79","","","","","","","","Что ты хотел спросить у меня?","Chto ty khotel sprosit u menya?","What did you want to ask me?","Thoughts, Needs & Feelings"
"227","81","","","","","","","","Они сказали вам, кто я такой?","Oni skazali vam, kto ya takoy?","Did they tell you who I was?","Fluency Builder 1"
"228","84","","","","","","","","Ты хочешь, чтобы я её позвал?","Ty khochesh, chtoby ya eyo pozval?","Do you want me to call her?","Thoughts, Needs & Feelings"
"229","85","","","","","","","","У тебя есть что показать мне?","U tebya est chto pokazat mne?","Do you have something to show me?","Questions & Answers"
"230","87","","","","","","","","Ты помнишь, что ты там видел?","Ty pomnish, chto ty tam videl?","Do you remember what you saw there?","Fluency Builder 1"
"231","88","","","","","","","","Ты думаешь, где я ее встретил?","Ty dumaesh, gde ya ee vstretil?","Where do you think I met her?","Questions & Answers"
"232","89","","","","","","","","Ты сегодня её купил или вчера?","Ty segodnya eyo kupil ili vchera?","Did you buy it today or yesterday?","Shopping & Money"
"233","91","","","","","","","","Что ты можешь купить на рынке?","Chto ty mozhesh kupit na rynke?","What can you buy at the market?","Shopping & Money"
"234","93","","","","","","","","Сколько у тебя уже эта машина?","Skolko u tebya uzhe eta mashina?","How long have you had this car?","Questions & Answers"
"235","94","","","","","","","","Что у тебя там ещё происходит?","Chto u tebya tam eshchyo proiskhodit?","What else have you got going on?","Fluency Builder 1"
"236","95","","","","","","","","Как, ты там говорил, её звали?","Kak, ty tam govoril, eyo zvali?","What did you say her name was?","Questions & Answers"
"237","98","","","","","","","","Вы помните, где вы это купили?","Vy pomnite, gde vy eto kupili?","Do you remember where you bought that?","Questions & Answers"
"238","99","","","","","","","","Он сказал тебе, где она живёт?","On skazal tebe, gde ona zhivyot?","Did he tell you where she lived?","Questions & Answers"
"239","100","","","","","","","","Ты приобрёл то, что нам нужно?","Ty priobryol to, chto nam nuzhno?","Did you get the things we needed?","Thoughts, Needs & Feelings"
"240","101","","","","","","","","Что ты делал, когда она пришла?","Chto ty delal, kogda ona prishla?","What were you doing when she came?","Questions & Answers"
"241","102","","","","","","","","Где я могу купить живого тигра?","Gde ya mogu kupit zhivogo tigra?","Where can I buy a live tiger?","Questions & Answers"
"242","103","","","","","","","","Что ты хочешь на день рождения?","Chto ty khochesh na den rozhdeniya?","What do you want for your birthday?","Thoughts, Needs & Feelings"
"243","105","","","","","","","","Ты хочешь, чтобы он тебе помог?","Ty khochesh, chtoby on tebe pomog?","Do you want him to help you?","Thoughts, Needs & Feelings"
"244","106","","","","","","","","Ты уверен, что это был призрак?","Ty uveren, chto eto byl prizrak?","Are you sure it was a ghost?","Fluency Builder 1"
"245","109","","","","","","","","Как долго ты будешь это делать?","Kak dolgo ty budesh eto delat?","How long will you be doing that?","Questions & Answers"
"246","111","","","","","","","","Что можно сказать в его защиту?","Chto mozhno skazat v ego zashchitu?","What can be said in his defence?","Fluency Builder 1"
"247","112","","","","","","","","Кто знает, где мы будем завтра?","Kto znaet, gde my budem zavtra?","Who knows where we will be tomorrow?","Questions & Answers"
"248","113","","","","","","","","Есть место, где я могу покурить?","Est mesto, gde ya mogu pokurit?","Is there a place I can smoke?","Questions & Answers"
"249","119","","","","","","","","Ты можешь помочь мне найти дочь?","Ty mozhesh pomoch mne nayti doch?","Can you help me find my daughter?","Fluency Builder 1"
"250","121","","","","","","","","Кто ещё знает, как это делается?","Kto eshchyo znaet, kak eto delaetsya?","Who else knows how to do this?","Questions & Answers"
